,city,temperature,humidity,cloudiness,wind_speed,latitude,longitude
0,busselton,14.86,53,20,8.48,-33.65,115.33
1,butaritari,28.6,80,97,9.82,3.07,172.79
2,tual,28.08,75,76,4.66,-5.67,132.75
3,ribeira grande,17.0,93,75,9.8,38.52,-28.7
4,punta arenas,15.95,71,0,4.6,-53.15,-70.92
5,ponta do sol,19.12,68,20,4.1,32.67,-17.1
6,sao mateus,30.98,58,53,0.54,-18.72,-39.86
7,tura,17.27,55,17,1.47,25.52,90.22
8,fort smith,1.81,93,1,2.1,35.39,-94.4
9,aklavik,-31.57,67,40,1.7,68.22,-135.01
10,bredasdorp,24.39,69,28,6.7,-34.53,20.04
11,arlit,29.42,6,0,4.64,18.74,7.39
12,vaini,24.0,100,20,1.0,-21.2,-175.2
13,barrow,-36.0,98,1,2.1,71.29,-156.79
14,derzhavinsk,0.85,99,100,3.43,51.1,66.32
15,guarapari,28.04,74,75,2.6,-20.67,-40.5
16,new norfolk,13.88,62,90,2.6,-42.78,147.06
17,rikitea,25.65,79,80,7.26,-23.12,-134.97
18,mar del plata,18.59,72,90,7.7,-38.0,-57.56
19,krasnokamensk,-17.84,93,100,1.91,50.1,118.04
20,mirabad,18.6,23,0,3.85,30.44,61.84
21,ushuaia,15.55,63,0,0.93,-54.8,-68.3
22,bluff,10.56,88,100,6.26,-46.6,168.33
23,carnarvon,25.0,94,40,10.3,-24.87,113.63
24,saint anthony,-17.22,70,1,2.1,45.02,-93.22
25,east london,24.0,73,20,2.6,-33.02,27.91
26,chuy,27.65,70,96,3.28,-33.7,-53.46
27,isangel,27.0,88,75,4.1,-19.55,169.27
28,thompson,-17.0,84,90,3.6,55.74,-97.86
29,arraial do cabo,28.35,69,20,9.3,-22.97,-42.03
30,bethel,-0.08,50,1,5.7,41.37,-73.41
31,mezen,-11.74,94,100,3.91,65.85,44.24
32,muros,12.74,71,75,2.6,42.78,-9.06
33,hobart,13.94,62,90,2.6,-42.88,147.33
34,taltal,20.26,67,0,3.75,-25.4,-70.48
35,tuktoyaktuk,-36.0,66,90,2.6,69.45,-133.04
36,luis correia,31.0,70,40,5.7,-2.88,-41.67
37,lagoa,17.12,87,100,10.83,39.05,-27.98
38,clyde river,-33.0,74,1,3.6,70.47,-68.59
39,mahebourg,25.82,83,40,3.6,-20.41,57.7
40,shingu,7.4,69,0,8.22,33.73,135.98
41,mataura,10.56,88,100,6.26,-46.19,168.86
42,qaanaaq,-32.12,63,0,2.2,77.48,-69.36
43,hakkari,-5.69,95,100,4.8,37.58,44.17
44,ashland,-1.45,86,90,4.1,40.82,-82.27
45,lorengau,28.23,77,100,5.7,-2.02,147.27
46,inuvik,-31.45,67,90,2.6,68.35,-133.72
47,samarai,24.44,91,100,2.81,-10.62,150.67
48,kasongo-lunda,24.57,86,100,0.99,-6.47,16.82
49,bud,-0.33,100,90,2.1,39.45,-86.18
50,longyearbyen,-6.0,85,75,1.5,78.22,15.64
51,wangkui,-19.02,93,78,4.24,46.83,126.5
52,airai,20.3,90,98,1.6,-8.93,125.41
53,pemba,30.0,70,75,5.1,-12.97,40.52
54,egvekinot,-28.14,94,100,7.04,66.32,-179.17
55,northam,10.03,62,40,9.3,51.03,-4.22
56,port alfred,22.22,87,67,1.34,-33.59,26.89
57,mabaruma,29.71,52,8,2.44,8.2,-59.78
58,port moresby,27.38,80,74,5.92,-9.44,147.18
59,tiksi,-28.49,64,0,1.84,71.69,128.87
60,batemans bay,18.7,77,100,1.79,-35.72,150.18
61,albany,-6.58,62,40,2.6,42.6,-73.97
62,hermanus,28.64,69,48,5.81,-34.42,19.23
63,meulaboh,28.22,72,85,2.67,4.14,96.13
64,odweyne,24.01,37,0,5.86,9.41,45.06
65,hohhot,-12.0,85,22,2.0,40.81,111.65
66,puerto ayora,29.0,70,20,4.6,-0.74,-90.35
67,victoria,16.45,67,20,3.6,22.29,114.16
68,lebu,24.94,25,0,2.44,-37.62,-73.65
69,saldanha,25.0,47,69,5.1,-33.01,17.94
70,biak,28.19,74,69,2.96,-0.91,122.88
71,streator,-1.41,100,90,2.6,41.12,-88.84
72,tasiilaq,0.0,89,90,18.0,65.61,-37.64
73,avarua,27.0,83,93,5.7,-21.21,-159.78
74,pochutla,26.0,74,20,4.08,15.74,-96.47
75,cockburn town,25.89,81,33,8.93,21.46,-71.14
76,hanyang,8.89,75,21,0.93,32.14,105.51
77,nuuk,-10.0,72,75,6.7,64.18,-51.72
78,georgetown,28.43,70,20,2.1,5.41,100.34
79,castro,26.15,59,54,2.35,-24.79,-50.01
80,kilindoni,28.19,74,67,5.75,-7.91,39.67
81,port hardy,5.0,75,40,9.3,50.7,-127.42
82,fortuna,6.61,87,40,5.1,40.6,-124.16
83,dunedin,10.0,66,100,1.79,-45.87,170.5
84,eyrarbakki,1.14,80,75,5.1,63.86,-21.15
85,vaitape,27.87,78,100,9.51,-16.52,-151.75
86,libreville,29.0,79,40,2.6,0.39,9.45
87,hilo,14.76,67,1,1.5,19.73,-155.09
88,tuatapere,10.56,89,27,5.81,-46.13,167.68
89,port elizabeth,25.0,69,20,6.2,-33.92,25.57
90,nanakuli,16.95,93,40,2.6,21.39,-158.15
91,saint george,0.86,64,1,0.53,37.1,-113.58
92,bambous virieux,25.81,83,40,3.6,-20.34,57.76
93,pedernales,29.0,66,40,5.1,18.04,-71.74
94,chokurdakh,-37.83,93,0,1.49,70.63,147.92
95,colares,15.45,82,75,5.7,38.8,-9.45
96,san jeronimo,11.19,68,98,2.26,-11.95,-75.28
97,khatanga,-24.89,95,31,2.9,71.97,102.5
98,evensk,-25.19,58,0,5.64,61.95,159.23
99,provideniya,-29.17,91,50,5.8,64.38,-173.3
100,cururupu,26.81,91,88,2.73,-1.83,-44.87
101,pitkyaranta,-2.18,91,23,4.1,61.57,31.48
102,shenzhen,16.47,67,20,3.6,22.55,114.07
103,namibe,30.0,62,40,5.1,-15.2,12.15
104,hay river,-17.0,84,75,1.15,60.82,-115.8
105,salsomaggiore terme,10.67,39,98,1.5,44.81,9.98
106,kokkola,1.03,90,90,7.2,63.83,23.08
107,iqaluit,-31.85,60,40,1.5,63.75,-68.51
108,ancud,19.0,52,0,4.6,-41.87,-73.82
109,cape town,28.49,48,58,6.2,-33.93,18.42
110,tucurui,22.51,96,100,1.36,-3.77,-49.67
111,saint-philippe,24.61,65,40,8.2,-21.36,55.77
112,alice springs,29.0,23,40,3.6,-23.7,133.88
113,paamiut,-11.53,61,100,9.86,61.99,-49.67
114,lavrentiya,-29.2,92,77,3.97,65.58,-171.0
115,lompoc,4.71,100,90,2.6,34.64,-120.46
116,mamakan,-12.76,96,96,1.34,57.82,114.0
117,luderitz,24.0,57,0,7.7,-26.65,15.16
118,davila,25.0,69,75,5.7,18.47,120.58
119,acapulco,24.0,64,40,2.1,16.86,-99.89
120,port lincoln,20.64,79,0,2.35,-34.73,135.87
121,nikolskoye,-1.21,86,90,3.0,59.7,30.79
122,kaitangata,10.0,66,100,1.34,-46.28,169.85
123,katsuura,5.0,48,75,6.7,35.13,140.3
124,tahe,-18.68,98,99,0.8,52.33,124.73
125,nantucket,0.56,50,1,9.3,41.28,-70.1
126,impfondo,39.43,15,100,1.51,1.64,18.07
127,komsomolskiy,5.48,64,0,1.0,40.43,71.72
128,yulara,31.0,18,0,5.1,-25.24,130.99
129,atuona,26.66,75,0,8.83,-9.8,-139.03
130,zhenhai,13.0,62,75,4.0,24.26,118.09
131,xichang,11.67,35,99,1.97,27.9,102.26
132,leningradskiy,-28.81,95,100,9.69,69.38,178.42
133,marzuq,24.44,40,0,6.21,14.4,46.47
134,olafsvik,2.14,85,100,8.34,64.89,-23.71
135,saskylakh,-21.4,97,99,2.26,71.92,114.08
136,klaksvik,3.0,86,36,12.3,62.23,-6.59
137,moree,21.0,94,40,2.96,-29.47,149.85
138,mount gambier,17.0,88,0,4.1,-37.83,140.77
139,babu,7.93,89,95,3.76,24.42,111.52
140,sao felix do xingu,21.8,99,100,0.67,-6.64,-51.99
141,maloma,26.0,78,75,2.1,15.11,120.06
142,jamestown,-3.61,92,90,3.1,42.1,-79.24
143,griffin,1.89,74,90,2.1,33.25,-84.26
144,nanning,11.0,93,90,2.0,22.82,108.32
145,jamiltepec,26.25,62,36,0.47,16.28,-97.82
146,presidencia roque saenz pena,38.1,28,33,2.48,-26.79,-60.44
147,finschhafen,28.55,80,100,10.15,-6.6,147.87
148,bengkulu,22.44,90,100,2.28,-3.8,102.27
149,hithadhoo,27.96,80,4,5.06,-0.6,73.08
150,sao filipe,25.45,45,95,8.52,14.9,-24.5
151,hasaki,0.96,47,75,5.7,35.73,140.83
152,filadelfia,2.96,47,40,5.7,39.95,-75.16
153,jaspur,10.31,64,0,1.83,29.28,78.82
154,dikson,-21.61,95,99,7.24,73.51,80.55
155,kodiak,3.0,86,90,6.34,57.79,-152.41
156,lukang,15.13,76,75,7.7,24.06,120.44
157,calabozo,31.45,41,0,4.83,8.92,-67.43
158,belmonte,30.0,62,40,4.6,-15.86,-38.88
159,vardo,2.0,93,40,5.1,70.37,31.11
160,san cristobal,28.0,58,20,2.1,7.77,-72.22
161,ilheus,30.0,70,40,2.6,-14.79,-39.05
162,mersing,26.84,82,100,6.93,2.43,103.84
163,buckeye,7.38,65,1,2.1,33.37,-112.58
164,mecca,24.0,37,0,6.76,21.43,39.83
165,takoradi,35.41,35,0,3.45,4.88,-1.76
166,touros,32.0,43,40,5.1,-5.2,-35.46
167,point fortin,29.03,51,40,6.7,10.18,-61.68
168,kudahuvadhoo,28.12,73,0,5.38,2.67,72.89
169,bandundu,32.89,52,53,1.01,-3.32,17.37
170,macheng,6.9,75,60,0.8,31.18,115.03
171,boma,38.54,9,67,1.77,7.08,-2.17
172,porosozero,-6.19,96,63,3.36,62.72,32.73
173,kavieng,27.57,78,100,4.27,-2.57,150.8
174,severo-kurilsk,-4.46,94,100,17.74,50.68,156.12
175,riyadh,26.0,26,20,5.1,24.69,46.72
176,cabo san lucas,14.46,71,20,4.6,22.89,-109.91
177,alofi,25.0,100,48,2.1,-19.06,-169.92
178,juneau,1.3,97,90,3.6,58.3,-134.42
179,vao,26.65,84,5,9.07,-22.67,167.48
180,pisco,23.25,30,47,3.6,-13.7,-76.22
181,college,-15.92,91,1,1.6,64.86,-147.8
182,handan,6.0,61,0,2.13,36.6,114.47
183,zhigansk,-26.03,94,100,9.46,66.77,123.37
184,dongying,0.99,61,33,1.83,37.46,118.49
185,mount isa,28.0,61,10,3.1,-20.73,139.5
186,margate,10.05,66,100,5.7,51.38,1.39
187,tanda,12.37,52,0,1.75,26.55,82.65
188,helong,-18.9,89,0,2.43,42.54,129.0
189,mildura,22.64,60,40,6.2,-34.2,142.15
190,asau,-0.76,57,69,3.6,46.43,26.4
191,karratha,28.13,80,100,21.31,-20.74,116.85
192,ayan,-27.46,61,0,1.92,56.45,138.17
193,korla,-0.56,83,0,2.37,41.76,86.15
194,sola,28.44,82,100,9.74,-13.88,167.55
195,road town,27.08,65,40,6.7,18.42,-64.62
196,primorsk,-4.37,68,100,8.19,46.73,36.34
197,garden city,-4.17,74,90,2.71,42.33,-83.33
198,geraldton,22.0,73,75,9.3,-28.77,114.6
199,phuket,25.0,83,20,5.97,8.0,98.25
200,kiama,20.07,100,90,7.2,-34.68,150.87
201,tilichiki,-35.62,90,0,4.3,60.47,166.1
202,dwarka,23.02,47,0,9.45,22.24,68.97
203,roseau,26.47,78,75,1.0,15.3,-61.39
204,yellowknife,-19.51,76,40,3.6,62.46,-114.35
205,saint-augustin,-13.26,93,100,9.12,51.23,-58.65
206,ixtapa,17.16,87,90,3.1,20.7,-105.2
207,darnah,13.99,70,99,8.34,32.77,22.64
208,cozumel,27.51,74,75,3.1,20.51,-86.95
209,borujerd,11.0,62,75,6.2,33.9,48.75
210,yar-sale,-22.77,88,0,3.69,66.83,70.83
211,skegness,9.42,66,20,9.3,53.14,0.34
212,cairns,27.14,83,40,1.0,-16.92,145.77
213,nelson bay,20.76,94,90,9.8,-32.72,152.15
214,thaba-tseka,17.08,62,97,4.52,-29.52,28.61
215,nuevo progreso,19.44,96,100,0.5,23.17,-97.95
216,port augusta,22.87,78,0,3.6,-32.5,137.77
217,tezu,14.94,50,16,1.66,27.92,96.17
218,rosarito,7.62,87,1,2.6,32.33,-117.03
219,that phanom,24.45,61,0,5.1,16.94,104.71
220,kruisfontein,24.11,73,16,8.53,-34.0,24.73
221,vanavara,-16.23,98,99,1.64,60.34,102.28
222,ust-tsilma,-19.92,99,61,1.21,65.44,52.15
223,codrington,18.61,83,0,9.71,-38.27,141.97
224,dzaoudzi,30.0,79,7,1.5,-12.79,45.27
225,lata,13.83,93,75,1.0,40.16,-8.33
226,oruro,16.0,59,40,3.6,-17.98,-67.15
227,zonguldak,-6.94,94,100,3.49,41.25,31.83
228,loudon,-0.44,96,75,2.35,35.73,-84.33
229,buala,26.74,83,100,4.56,-8.14,159.59
230,vanimo,27.68,81,88,6.45,-2.67,141.3
231,loa janan,23.75,97,100,0.92,-0.58,117.09
232,marrakesh,22.0,30,68,2.1,31.63,-8.01
233,codajas,31.9,52,51,1.03,-3.84,-62.06
234,puerto madero,28.0,74,40,1.5,14.72,-92.42
235,barberino di mugello,11.57,58,93,1.5,44.0,11.24
236,avera,7.03,65,40,3.6,33.19,-82.53
237,ola,-21.07,66,100,3.9,59.58,151.28
238,victoria point,22.51,94,75,2.1,-27.58,153.3
239,santa rosa,25.94,78,75,3.6,14.31,121.11
240,saint-francois,13.04,54,69,2.1,46.42,3.91
241,pacific grove,6.97,87,90,2.6,36.62,-121.92
242,kamenka,-9.44,82,79,3.8,51.32,42.77
243,ahipara,15.0,100,69,7.36,-35.17,173.17
244,popondetta,23.21,96,100,1.28,-8.75,148.25
245,andilamena,22.18,80,6,5.07,-17.02,48.58
246,jos,30.55,13,0,4.62,9.92,8.9
247,vostok,-25.5,100,100,1.14,46.49,135.88
248,sitka,0.58,76,75,2.6,57.05,-135.33
249,kapit,23.46,89,99,0.25,2.02,112.93
250,upernavik,-30.97,98,100,4.47,72.79,-56.15
251,vangaindrano,26.27,82,0,2.18,-23.35,47.6
252,bairiki,25.0,94,75,1.5,1.33,172.98
253,faanui,27.87,78,100,9.51,-16.48,-151.75
254,san javier,18.03,72,35,3.6,37.81,-0.84
255,shakawe,30.69,43,91,2.86,-18.37,21.85
256,sanchez,27.51,83,20,2.51,19.23,-69.61
257,sheopur,14.65,30,0,3.5,25.67,76.7
258,pangnirtung,-31.0,67,20,1.0,66.15,-65.71
259,tevaitoa,27.86,77,100,10.0,-16.78,-151.5
260,tecoanapa,28.0,58,50,1.21,16.52,-98.75
261,qui nhon,19.81,90,29,2.07,13.77,109.23
262,san andres,29.0,70,40,6.7,12.58,-81.7
263,pauini,27.56,72,96,0.83,-7.71,-66.98
264,peleduy,-14.78,94,0,2.2,59.63,112.74
265,las vegas,5.6,59,1,0.56,36.17,-115.14
266,mayumba,28.04,76,99,4.12,-3.43,10.66
267,port macquarie,21.45,100,90,5.1,-31.43,152.92
268,yurgamysh,-11.68,96,95,2.6,55.37,64.47
269,gambela,38.8,16,38,1.91,8.25,34.58
270,beringovskiy,-28.26,93,77,8.71,63.05,179.32
271,ekibastuz,2.25,88,100,7.56,51.67,75.37
272,kalmunai,26.6,69,21,5.93,7.42,81.82
273,stavern,3.7,93,90,5.7,59.0,10.03
274,kapaa,18.3,82,75,3.1,22.08,-159.32
275,cortes,11.01,76,100,2.6,41.94,-1.44
276,kupang,25.0,100,20,1.0,-10.17,123.58
277,hami,-4.73,47,0,1.1,42.8,93.45
278,celestun,22.82,82,74,6.71,20.87,-90.4
279,praia da vitoria,20.0,68,75,7.34,38.73,-27.07
280,onega,-6.48,95,100,2.48,63.91,38.14
281,staryy saltiv,-7.0,57,37,3.0,50.08,36.79
282,naila,4.86,69,92,3.6,50.32,11.7
283,nome,-28.44,61,1,1.5,64.5,-165.41
284,mtama,25.04,89,19,3.32,-10.3,39.37
285,mahon,14.0,67,20,5.1,39.89,4.27
286,pevek,-32.98,100,100,0.49,69.7,170.31
287,manakara,26.9,79,6,2.75,-22.13,48.02
288,bayir,5.53,30,20,6.2,37.27,28.22
289,marsa matruh,14.0,47,40,5.7,31.35,27.25
290,caraballeda,25.36,65,0,6.2,10.61,-66.85
291,innisfail,23.89,91,93,1.66,-17.53,146.03
292,yerbogachen,-17.94,97,74,2.83,61.28,108.01
293,half moon bay,7.83,87,75,4.1,37.46,-122.43
294,mehamn,3.17,92,65,8.45,71.04,27.85
295,llata,10.49,67,38,2.46,-9.42,-76.78
296,pirassununga,27.0,61,40,5.1,-22.0,-47.43
297,tandil,24.46,49,0,4.02,-37.32,-59.13
298,moron,25.19,78,7,3.1,-34.65,-58.62
299,manokwari,22.57,87,100,3.29,-0.87,134.08
300,hendek,0.0,79,75,2.1,40.8,30.75
301,kutum,28.59,12,2,5.78,14.2,24.67
302,vitim,-14.78,94,0,2.2,59.45,112.56
303,sao geraldo do araguaia,21.68,99,100,0.42,-6.4,-48.55
304,saint-joseph,24.56,65,40,8.2,-21.37,55.62
305,kloulklubed,27.35,80,100,8.22,7.04,134.26
306,sydney mines,-5.13,67,90,8.2,46.24,-60.22
307,sungaipenuh,17.24,99,100,0.52,-2.08,101.38
308,asosa,33.42,17,12,2.66,10.07,34.53
309,walvis bay,22.29,56,70,5.7,-22.96,14.51
310,dali,5.16,90,14,0.41,25.7,100.18
311,berdigestyakh,-29.79,96,100,3.69,62.1,126.7
312,boende,34.86,39,100,1.81,-0.22,20.87
313,nevelsk,-25.0,75,20,1.0,46.67,141.86
314,port hedland,28.0,83,75,12.3,-20.32,118.57
315,jiexiu,0.24,48,0,3.52,37.02,111.91
316,devonport,12.22,84,3,6.29,-41.17,146.35
317,hamilton,-0.8,92,90,2.6,39.18,-84.53
318,waipawa,12.2,71,82,4.6,-41.41,175.52
319,badarpur,18.19,42,93,1.56,24.9,92.6
320,bara,35.49,11,0,5.44,10.37,10.73
321,taman,-7.26,92,75,3.0,45.21,36.72
322,eisenach,6.93,61,100,4.1,50.98,10.32
323,eureka,6.55,81,1,3.1,40.8,-124.16
324,chabahar,21.0,73,0,4.1,25.29,60.64
325,flinders,20.47,100,90,7.2,-34.58,150.86
326,hukeri,20.0,64,57,3.1,16.23,74.6
327,broken hill,22.0,64,0,8.7,-31.95,141.43
328,jalu,15.32,43,2,5.01,29.03,21.55
329,san carlos de bariloche,19.0,32,0,3.1,-41.15,-71.31
330,qingdao,0.19,80,0,1.0,36.1,120.37
331,houma,17.79,68,40,4.1,29.6,-90.72
332,sarh,38.0,17,0,2.1,9.14,18.39
333,norman wells,-21.0,70,75,2.1,65.28,-126.83
334,dryden,-18.0,59,90,4.6,49.78,-92.75
335,teya,-7.53,94,100,3.98,60.38,92.63
336,fraserburgh,6.92,70,75,10.8,57.69,-2.02
337,xian,3.93,86,100,1.0,34.26,108.93
338,nanortalik,-5.56,68,99,15.65,60.14,-45.24
339,la ronge,-16.0,91,90,2.1,55.1,-105.28
340,rizhao,2.42,72,0,0.39,35.43,119.46
341,buriti alegre,19.69,96,100,4.18,-18.14,-49.04
342,lixourion,13.0,43,20,3.1,38.2,20.43
343,cabedelo,32.0,55,40,5.1,-6.98,-34.83
344,sawtell,21.86,94,75,4.1,-30.38,153.1
345,oromocto,-8.87,66,90,5.1,45.84,-66.48
346,khuzdar,12.35,28,0,0.98,27.74,66.64
347,agirish,-22.28,91,32,1.41,61.92,63.02
348,mbanza-ngungu,26.64,83,78,3.06,-5.25,14.87
349,tessalit,29.88,6,46,5.81,20.2,1.01
350,sioux lookout,-17.42,64,90,3.6,50.1,-91.92
351,simao,13.97,78,42,0.78,22.79,100.97
352,ambanja,30.0,81,40,1.21,-13.68,48.45
353,san quintin,5.56,13,0,1.79,30.48,-115.95
354,preobrazheniye,-15.6,57,0,3.05,42.9,133.91
355,peniche,15.49,82,75,5.7,39.36,-9.38
356,benghazi,14.55,54,94,4.04,32.12,20.07
357,camopi,30.58,52,58,2.13,3.17,-52.32
358,monrovia,34.0,49,20,5.1,6.3,-10.8
359,kerema,23.79,91,100,1.66,-7.96,145.78
360,galle,27.09,69,100,2.03,6.04,80.22
361,kavaratti,26.96,67,0,6.05,10.57,72.64
362,bouillante,28.0,61,75,9.3,16.13,-61.77
363,pastavy,0.61,96,100,3.45,55.12,26.83
364,santa maria,33.0,52,20,4.6,-29.68,-53.81
365,chivay,8.92,55,90,1.31,-15.64,-71.6
366,mogadishu,26.04,85,100,9.47,2.04,45.34
367,sebrovo,-7.78,85,70,4.27,50.1,43.3
368,san patricio,22.0,83,75,2.44,19.22,-104.7
369,laguna,4.21,86,1,2.6,38.42,-121.42
370,carballo,12.76,58,75,3.6,43.21,-8.69
371,nebyliv,-1.0,50,73,1.51,48.82,24.22
372,itarema,29.1,70,91,4.49,-2.92,-39.92
373,cintalapa,23.36,70,35,0.36,16.7,-93.73
374,quimper,10.62,62,75,5.7,48.0,-4.1
375,lipin bor,-7.51,95,94,2.97,60.26,37.98
376,san luis de palenque,32.13,35,59,6.55,5.42,-71.73
377,itapirapua,21.9,97,100,2.33,-15.82,-50.61
378,taiyuan,-4.0,85,0,1.0,37.87,112.56
379,hervey bay,24.2,94,75,1.5,-25.3,152.85
380,ust-uda,-10.52,94,98,2.58,54.17,103.03
381,coquimbo,17.0,82,75,4.6,-29.95,-71.34
382,khudumelapye,25.59,58,100,3.31,-23.88,24.75
383,vila franca do campo,18.0,77,20,8.7,37.72,-25.43
384,xining,-5.14,57,100,1.55,36.62,101.77
385,anchorage,1.95,64,90,6.7,61.22,-149.9
386,champerico,28.0,65,40,0.36,14.3,-91.92
387,talnakh,-24.0,76,100,6.0,69.49,88.4
388,kirakira,26.45,82,100,8.24,-10.45,161.92
389,fuente de oro,28.06,50,100,2.13,3.46,-73.61
390,clarksburg,-1.16,91,90,4.1,39.28,-80.34
391,almaznyy,-13.0,84,20,3.0,48.04,40.05
392,araouane,31.22,7,60,3.47,18.9,-3.53
393,abu kamal,9.07,72,59,12.67,34.45,40.92
394,semirom,-0.01,98,100,4.08,31.42,51.57
395,najran,30.0,23,20,2.1,17.49,44.13
396,palmas,28.0,69,90,2.6,-10.21,-48.36
397,praya,29.0,42,92,8.7,14.92,-23.51
398,adelaide,23.62,60,16,2.6,-34.93,138.6
399,yabassi,35.05,42,25,3.48,4.46,9.97
400,manaus,30.5,55,49,3.1,-3.1,-60.02
401,barguzin,-9.93,96,99,1.5,53.62,109.62
402,ahmadpur sial,17.0,67,0,1.81,30.68,71.75
403,salalah,24.0,64,20,2.6,17.02,54.09
404,auburn,5.46,87,90,1.5,47.31,-122.23
405,nandikotkur,24.05,63,36,3.76,15.87,78.27
406,egtved,4.7,93,75,4.1,55.62,9.3
407,san pedro,25.94,78,75,3.6,14.35,121.02
408,souillac,25.81,83,40,3.6,-20.52,57.52
409,catuday,27.08,81,17,0.57,16.29,119.81
410,klyuchi,2.1,92,100,7.02,52.27,79.17
411,mangrol,23.39,62,0,2.25,21.12,70.12
412,alyangula,27.0,94,74,2.68,-13.85,136.42
413,zabaykalsk,-15.46,86,100,2.21,49.63,117.32
414,acarau,29.1,70,91,4.49,-2.89,-40.12
415,aykhal,-14.0,92,90,2.0,66.0,111.5
416,novyy urengoy,-22.03,97,99,2.24,66.08,76.63
417,panji,28.85,75,98,5.97,-7.73,114.1
418,kendari,24.45,92,100,0.48,-3.94,122.5
419,tomatlan,17.76,59,4,1.09,19.93,-105.25
420,bilma,27.05,13,0,3.85,18.69,12.92
421,nhulunbuy,27.0,94,100,0.5,-12.23,136.77
422,merritt,1.0,94,90,2.6,50.11,-120.79
423,coihaique,14.89,67,40,3.6,-45.58,-72.07
424,lazaro cardenas,23.71,55,3,1.86,17.96,-102.2
425,aguas verdes,29.59,33,40,1.5,-3.48,-80.25
426,banda aceh,22.53,89,60,2.18,5.56,95.32
427,emerald,23.18,88,40,2.6,-23.53,148.17
428,umkomaas,26.36,83,76,3.4,-30.21,30.8
429,watertown,-2.1,43,1,5.1,42.37,-71.18
430,suluq,13.78,55,100,5.18,31.67,20.25
431,tigbao,25.6,83,1,4.22,12.55,123.34
432,kahului,14.72,82,1,2.75,20.89,-156.47
433,poggibonsi,12.67,58,94,1.5,43.47,11.15
434,dalmatovo,-12.85,95,100,3.98,56.26,62.94
435,zhob,9.05,26,0,1.58,31.34,69.45
436,kudeyevskiy,-15.0,77,90,6.0,54.88,56.76
437,guerrero negro,12.67,93,8,0.81,27.98,-114.06
438,promyshlennyy,-19.94,97,100,5.85,67.58,63.92
439,sorland,5.3,76,70,5.12,67.67,12.69
440,brusyliv,-2.11,63,97,3.0,50.28,29.53
441,payo,19.87,72,100,1.3,-3.75,103.64
442,markapur,24.02,75,59,5.86,15.73,79.28
443,xinzhou,-2.34,44,0,2.58,38.41,112.73
444,bessonovka,-19.94,95,21,2.96,53.31,45.04
445,haines junction,-13.12,96,64,4.11,60.75,-137.51
446,te anau,5.01,75,0,1.26,-45.42,167.72
447,ormara,22.13,46,0,2.79,25.21,64.64
448,iwaki,-0.57,55,51,3.13,37.05,140.88
449,vegueta,23.36,69,95,1.98,-11.02,-77.64
450,sarakhs,20.0,28,0,6.2,36.54,61.16
451,coahuayana,19.0,68,20,1.76,18.73,-103.68
452,brae,6.42,75,20,11.3,60.4,-1.35
453,camacha,19.42,77,20,5.1,33.08,-16.33
454,taoudenni,29.2,4,100,4.57,22.68,-3.98
455,xanlar,5.13,59,75,12.3,40.59,46.32
456,bagotville,22.36,94,75,4.76,-28.98,153.42
457,carson city,2.02,50,1,4.44,39.16,-119.77
458,mahuva,23.47,44,0,7.87,21.09,71.76
459,abu dhabi,23.48,64,0,1.5,24.47,54.37
460,alta floresta,26.0,83,75,4.1,-9.88,-56.09
461,port said,13.75,58,38,11.51,31.26,32.28
462,pak phanang,23.6,79,4,0.75,8.35,100.2
463,toora-khem,-12.34,86,78,1.05,52.47,96.11
464,torbay,0.3,66,75,21.1,47.67,-52.73
465,kapuskasing,-24.0,69,75,3.6,49.42,-82.43
466,port-gentil,28.0,88,40,5.1,-0.72,8.78
467,tromso,3.35,80,75,3.1,69.65,18.96
468,ostrovnoy,-3.52,93,100,8.56,68.05,39.51
469,arandis,21.11,78,55,2.68,-22.42,14.97
470,dingle,23.7,90,84,4.61,11.0,122.67
471,puerto lempira,27.0,78,75,2.6,15.27,-83.77
472,washington,0.74,88,90,3.6,47.5,-120.5
473,autun,12.08,54,42,2.1,46.95,4.3
474,rudbar,19.76,26,0,4.28,30.15,62.6
475,rosetown,-15.56,90,95,1.9,51.55,-108.0
476,camargo,14.05,27,0,1.48,27.67,-105.17
477,plettenberg bay,22.08,87,67,4.49,-34.05,23.37
478,harper,31.37,59,39,3.59,4.38,-7.72
479,abalak,-12.41,94,100,3.23,58.13,68.59
480,teknaf,18.15,49,17,1.62,20.86,92.31
481,singojuruh,24.81,83,91,1.07,-8.32,114.23
482,curuguaty,33.67,43,0,1.92,-24.47,-55.69
483,sobolevo,-3.95,85,99,2.27,54.43,31.9
484,polis,8.35,39,20,6.7,35.04,32.43
485,poum,27.73,81,56,11.86,-20.23,164.02
486,udachnyy,-14.0,92,90,2.0,66.42,112.4
487,fenton,-5.08,73,90,2.1,42.8,-83.7
488,tarija,20.0,88,90,2.1,-21.54,-64.73
489,qaqortoq,-9.0,47,75,3.6,60.72,-46.03
490,tautira,25.8,74,100,0.5,-17.73,-149.15
491,chumikan,-28.75,87,0,0.97,54.72,135.31
492,san jose,7.63,87,90,0.89,37.34,-121.89
493,iquique,23.0,56,93,5.1,-20.22,-70.14
494,bathsheba,30.0,58,40,10.8,13.22,-59.52
495,mazagao,28.0,88,75,2.6,-0.12,-51.29
496,kuchera,15.93,21,0,3.65,26.98,73.97
497,nakatsugawa,5.0,72,0,1.38,35.48,137.5
498,nabire,22.23,93,96,0.89,-3.37,135.48
499,timra,0.48,81,0,1.5,62.49,17.33
500,esperance,25.0,57,0,6.2,-33.87,121.9
501,yeppoon,25.0,88,90,2.1,-23.13,150.73
502,oktyabrskoye,-7.1,92,90,7.0,43.06,44.74
503,redlands,6.78,68,1,0.76,34.06,-117.18
504,grindavik,1.58,67,75,5.1,63.84,-22.43
505,alenquer,27.0,88,75,2.6,-1.94,-54.74
506,abha,18.48,77,40,3.6,18.22,42.51
507,husavik,3.0,59,41,7.2,66.04,-17.34
508,puerto escondido,26.0,74,20,3.1,15.85,-97.07
509,rokytne,-1.12,55,89,3.39,51.28,27.21
510,padang,20.17,97,100,0.56,-0.95,100.35
511,kajaani,-3.0,100,90,4.1,64.17,27.67
512,tarauaca,29.63,60,43,1.71,-8.16,-70.77
513,bayburt,-16.18,93,100,6.4,40.26,40.23
514,san miguel,30.01,51,0,1.29,13.48,-88.18
515,dingli,14.33,54,20,1.5,35.86,14.38
516,pafos,9.21,39,20,6.7,34.77,32.42
517,ilulissat,-14.0,71,90,2.1,69.22,-51.1
518,eravur,24.9,72,95,4.29,7.77,81.61
519,daru,24.37,94,100,1.78,-9.08,143.21
520,kamaishi,-4.58,63,4,3.88,39.27,141.88
521,wanning,20.18,82,100,5.23,18.8,110.4
522,mumford,36.09,27,4,5.03,5.26,-0.76
523,aksarka,-21.25,87,0,4.35,66.56,67.8
524,katherine,28.0,69,100,2.6,-14.47,132.27
525,gaomi,0.2,80,0,1.0,36.38,119.75
526,bagdarin,-14.25,85,100,1.97,54.43,113.6
527,huarmey,26.38,53,24,2.85,-10.07,-78.15
528,charleville-mezieres,9.23,76,100,6.7,49.77,4.72
529,svetlyy,5.0,75,0,2.0,54.67,20.13
530,batouri,36.46,13,94,3.49,4.43,14.37
531,gboko,39.11,7,64,4.27,7.32,9.0
532,viedma,19.4,56,21,6.62,-40.81,-63.0
533,marsaxlokk,14.35,54,20,1.5,35.84,14.54
534,nyurba,-18.17,98,93,2.0,63.28,118.33
535,fomboni,29.26,66,97,2.36,-12.28,43.74
536,nangong,4.7,64,0,2.09,37.36,115.37
537,adrar,29.5,6,14,6.13,20.5,-10.07
538,woodward,2.56,80,1,2.6,36.43,-99.39
539,tumaco,27.42,77,95,3.07,1.8,-78.82
540,henties bay,21.11,78,28,2.68,-22.12,14.28
541,tokur,-30.88,94,0,1.17,53.13,132.9
542,le port,24.05,73,97,0.5,-20.94,55.29
543,aanekoski,-0.37,93,90,4.6,62.6,25.73
544,gambo,38.61,17,71,1.12,4.65,22.26
545,lakes entrance,19.14,89,76,0.89,-37.88,147.98
546,seymchan,-38.81,99,85,0.85,62.88,152.43
547,okha,-19.27,88,100,10.02,53.57,142.95
548,deer lake,-7.08,79,90,5.7,49.17,-57.43
549,horqueta,38.04,30,0,1.63,-23.34,-57.06
550,waspan,27.0,78,75,2.6,14.74,-83.97
551,nagato,5.7,48,75,4.6,34.38,131.2
552,calama,22.0,18,100,1.0,-22.47,-68.93
553,the valley,27.77,57,40,7.7,18.22,-63.06
554,oktyabrskiy,-20.72,99,100,2.6,54.48,53.47
555,juegang,3.71,82,0,2.29,32.32,121.19
556,general roca,23.0,56,40,5.7,-39.03,-67.58
557,corowa,22.45,56,90,2.6,-36.03,146.38
558,zhirnovsk,-13.8,97,100,3.3,50.98,44.77
559,mozarlandia,21.92,97,100,6.67,-14.74,-50.57
560,markala,34.34,4,0,5.58,13.7,-6.07
561,a coruna,12.85,58,75,3.6,43.37,-8.4
562,cherskiy,-36.33,80,99,1.02,68.75,161.3
563,dalvik,3.0,59,29,7.2,65.97,-18.53
564,sidoarjo,24.07,89,95,2.7,-7.45,112.72
565,palembang,26.0,83,20,2.1,-2.92,104.75
566,labuhan,24.62,90,97,1.54,-6.88,112.21
567,kushmurun,-11.1,91,100,3.43,52.45,64.63
568,port-cartier,-15.16,41,20,5.7,50.03,-66.87
569,ponta delgada,18.0,77,20,8.7,37.73,-25.67
570,agua verde,17.65,100,75,1.5,22.9,-106.05
571,asfi,19.28,61,36,6.15,32.3,-9.24
